{"line" : {"x":{"0":1.958854897,"1":16.02620789},"y":{"0":1.958854897,"1":16.02620789}},"scatter_training" : {"x":{"0":9.981865664,"1":8.202141378,"2":12.6026658,"3":11.84146792,"4":9.627754265,"5":11.39943527,"6":12.13011485,"7":7.460255414,"8":2.309247278,"9":4.876317055,"10":2.112550552,"11":8.246210107,"12":9.871264778,"13":5.976810255,"14":6.705571212,"15":1.958854897,"16":5.965523837,"17":12.9505347,"18":13.50923937,"19":5.845164512,"20":3.387559414,"21":2.41485938,"22":2.630865269,"23":8.990869354,"24":12.45482293,"25":4.327589792,"26":12.08508978,"27":5.383787321,"28":4.533728444,"29":5.686424346,"30":8.057806345,"31":16.02620789,"32":9.092182552,"33":3.154678838,"34":14.44675048,"35":6.911947664,"36":6.062822932,"37":11.51865317,"38":7.046528083,"39":4.826524631,"40":6.849778065,"41":5.400180909,"42":7.026732457,"43":3.691914952,"44":7.190849236},"y":{"0":10.1283007353,"1":8.4364173222,"2":12.223447111,"3":11.6612231133,"4":9.6872544719,"5":11.6709737934,"6":12.0814215566,"7":7.649450682,"8":2.5282582935,"9":4.8165829931,"10":2.5116018108,"11":8.1848847379,"12":9.5807417769,"13":6.0051051792,"14":6.3999342234,"15":2.2478682399,"16":5.3285140902,"17":12.6790297146,"18":13.7024372733,"19":5.6377536558,"20":3.4389942068,"21":2.4757950855,"22":2.5001510479,"23":9.0696404283,"24":12.5319600132,"25":4.1745787979,"26":12.1181703441,"27":5.5510358401,"28":4.7971483614,"29":5.8218113434,"30":7.7887468292,"31":16.3118466062,"32":9.2203858233,"33":3.008236331,"34":14.1244596173,"35":7.3085742534,"36":5.8358105759,"37":11.8531155267,"38":7.090429824,"39":5.1617515732,"40":6.6229045381,"41":5.5849987688,"42":6.7377316844,"43":3.4704547672,"44":7.089674699}},"scatter_validation" : {"x":{"0":14.26991624,"1":5.016782373,"2":10.81340517,"3":2.53463471,"4":6.823505314},"y":{"0":13.1650904676,"1":5.701200859,"2":12.5081166241,"3":2.9679204513,"4":4.979483533}}, "training_export" : {"0":{"SynData":9.981865664,"SynData_predicted":10.1283007353,"Para1":9.0,"Para3":7.0,"Para2":4.0},"1":{"SynData":8.202141378,"SynData_predicted":8.4364173222,"Para1":9.0,"Para3":3.0,"Para2":6.0},"2":{"SynData":12.6026658,"SynData_predicted":12.223447111,"Para1":9.0,"Para3":5.0,"Para2":10.0},"3":{"SynData":11.84146792,"SynData_predicted":11.6612231133,"Para1":10.0,"Para3":3.0,"Para2":3.0},"4":{"SynData":9.627754265,"SynData_predicted":9.6872544719,"Para1":2.0,"Para3":8.0,"Para2":8.0},"5":{"SynData":11.39943527,"SynData_predicted":11.6709737934,"Para1":10.0,"Para3":2.0,"Para2":6.0},"6":{"SynData":12.13011485,"SynData_predicted":12.0814215566,"Para1":10.0,"Para3":4.0,"Para2":5.0},"7":{"SynData":7.460255414,"SynData_predicted":7.649450682,"Para1":2.0,"Para3":4.0,"Para2":5.0},"8":{"SynData":2.309247278,"SynData_predicted":2.5282582935,"Para1":6.0,"Para3":1.0,"Para2":3.0},"9":{"SynData":4.876317055,"SynData_predicted":4.8165829931,"Para1":3.0,"Para3":2.0,"Para2":10.0},"10":{"SynData":2.112550552,"SynData_predicted":2.5116018108,"Para1":6.0,"Para3":1.0,"Para2":8.0},"11":{"SynData":8.246210107,"SynData_predicted":8.1848847379,"Para1":2.0,"Para3":2.0,"Para2":3.0},"12":{"SynData":9.871264778,"SynData_predicted":9.5807417769,"Para1":2.0,"Para3":6.0,"Para2":3.0},"13":{"SynData":5.976810255,"SynData_predicted":6.0051051792,"Para1":5.0,"Para3":7.0,"Para2":10.0},"14":{"SynData":6.705571212,"SynData_predicted":6.3999342234,"Para1":4.0,"Para3":9.0,"Para2":3.0},"15":{"SynData":1.958854897,"SynData_predicted":2.2478682399,"Para1":4.0,"Para3":1.0,"Para2":5.0},"16":{"SynData":5.965523837,"SynData_predicted":5.3285140902,"Para1":3.0,"Para3":3.0,"Para2":3.0},"17":{"SynData":12.9505347,"SynData_predicted":12.6790297146,"Para1":9.0,"Para3":10.0,"Para2":7.0},"18":{"SynData":13.50923937,"SynData_predicted":13.7024372733,"Para1":10.0,"Para3":1.0,"Para2":9.0},"19":{"SynData":5.845164512,"SynData_predicted":5.6377536558,"Para1":6.0,"Para3":9.0,"Para2":3.0},"20":{"SynData":3.387559414,"SynData_predicted":3.4389942068,"Para1":6.0,"Para3":1.0,"Para2":10.0},"21":{"SynData":2.41485938,"SynData_predicted":2.4757950855,"Para1":4.0,"Para3":2.0,"Para2":5.0},"22":{"SynData":2.630865269,"SynData_predicted":2.5001510479,"Para1":6.0,"Para3":3.0,"Para2":4.0},"23":{"SynData":8.990869354,"SynData_predicted":9.0696404283,"Para1":2.0,"Para3":6.0,"Para2":4.0},"24":{"SynData":12.45482293,"SynData_predicted":12.5319600132,"Para1":10.0,"Para3":4.0,"Para2":1.0},"25":{"SynData":4.327589792,"SynData_predicted":4.1745787979,"Para1":3.0,"Para3":3.0,"Para2":7.0},"26":{"SynData":12.08508978,"SynData_predicted":12.1181703441,"Para1":10.0,"Para3":2.0,"Para2":7.0},"27":{"SynData":5.383787321,"SynData_predicted":5.5510358401,"Para1":7.0,"Para3":6.0,"Para2":3.0},"28":{"SynData":4.533728444,"SynData_predicted":4.7971483614,"Para1":5.0,"Para3":6.0,"Para2":3.0},"29":{"SynData":5.686424346,"SynData_predicted":5.8218113434,"Para1":8.0,"Para3":2.0,"Para2":1.0},"30":{"SynData":8.057806345,"SynData_predicted":7.7887468292,"Para1":7.0,"Para3":10.0,"Para2":1.0},"31":{"SynData":16.02620789,"SynData_predicted":16.3118466062,"Para1":1.0,"Para3":10.0,"Para2":2.0},"32":{"SynData":9.092182552,"SynData_predicted":9.2203858233,"Para1":2.0,"Para3":7.0,"Para2":8.0},"33":{"SynData":3.154678838,"SynData_predicted":3.008236331,"Para1":4.0,"Para3":1.0,"Para2":10.0},"34":{"SynData":14.44675048,"SynData_predicted":14.1244596173,"Para1":10.0,"Para3":8.0,"Para2":2.0},"35":{"SynData":6.911947664,"SynData_predicted":7.3085742534,"Para1":2.0,"Para3":1.0,"Para2":4.0},"36":{"SynData":6.062822932,"SynData_predicted":5.8358105759,"Para1":6.0,"Para3":6.0,"Para2":10.0},"37":{"SynData":11.51865317,"SynData_predicted":11.8531155267,"Para1":10.0,"Para3":2.0,"Para2":2.0},"38":{"SynData":7.046528083,"SynData_predicted":7.090429824,"Para1":8.0,"Para3":5.0,"Para2":2.0},"39":{"SynData":4.826524631,"SynData_predicted":5.1617515732,"Para1":7.0,"Para3":1.0,"Para2":10.0},"40":{"SynData":6.849778065,"SynData_predicted":6.6229045381,"Para1":3.0,"Para3":7.0,"Para2":4.0},"41":{"SynData":5.400180909,"SynData_predicted":5.5849987688,"Para1":5.0,"Para3":8.0,"Para2":3.0},"42":{"SynData":7.026732457,"SynData_predicted":6.7377316844,"Para1":7.0,"Para3":6.0,"Para2":9.0},"43":{"SynData":3.691914952,"SynData_predicted":3.4704547672,"Para1":4.0,"Para3":5.0,"Para2":6.0},"44":{"SynData":7.190849236,"SynData_predicted":7.089674699,"Para1":8.0,"Para3":7.0,"Para2":5.0}}, "validation_export" : {"0":{"SynData":14.26991624,"SynData_predicted":13.1650904676,"Para1":10.0,"Para3":4.0,"Para2":8.0},"1":{"SynData":5.016782373,"SynData_predicted":5.701200859,"Para1":5.0,"Para3":9.0,"Para2":5.0},"2":{"SynData":10.81340517,"SynData_predicted":12.5081166241,"Para1":1.0,"Para3":2.0,"Para2":4.0},"3":{"SynData":2.53463471,"SynData_predicted":2.9679204513,"Para1":5.0,"Para3":4.0,"Para2":6.0},"4":{"SynData":6.823505314,"SynData_predicted":4.979483533,"Para1":3.0,"Para3":2.0,"Para2":1.0}}}