{"header": ["pct_change_22", "Indicator5_150", "Indicator5_210", "Indicator5_30", "Indicator5_0", "Indicator50_210", "Indicator10_150", "Indicator50_30", "Indicator150_180", "Indicator100_180", "Indicator20_180", "Indicator10_0", "Indicator10_30", "Indicator50_0", "Indicator20_30", "Indicator50_150", "Indicator150_150", "Indicator20_0", "Indicator100_0", "Indicator20_150", "Indicator200_0", "Indicator150_0", "Indicator200_150", "Indicator200_30", "Indicator10_180", "Indicator150_30", "Indicator20_210", "Indicator50_180", "Indicator10_210", "Indicator200_210", "Indicator100_30", "Indicator100_210", "Indicator150_210", "Indicator200_180"], "mindata": {"Indicator5_150": -0.388059679, "Indicator5_210": -0.318881119, "Indicator5_30": -0.379310345, "Indicator5_0": -0.232744783, "Indicator50_210": -0.38269549700000005, "Indicator10_150": -0.327370573, "Indicator50_30": -0.46022999299999995, "Indicator150_180": -0.557792335, "Indicator100_180": -0.549642917, "Indicator20_180": -0.418670131, "Indicator10_0": -0.187790149, "Indicator10_30": -0.327370573, "Indicator50_0": -0.472715361, "Indicator20_30": -0.418670131, "Indicator50_150": -0.472715361, "Indicator150_150": -0.527526395, "Indicator20_0": -0.28759119699999997, "Indicator100_0": -0.539214605, "Indicator20_150": -0.418670131, "Indicator200_0": -0.512320299, "Indicator150_0": -0.5263564279999999, "Indicator200_150": -0.553621725, "Indicator200_30": -0.553621725, "Indicator10_180": -0.327370573, "Indicator150_30": -0.5387842939999999, "Indicator20_210": -0.332693881, "Indicator50_180": -0.44495871299999995, "Indicator10_210": -0.24414712800000002, "Indicator200_210": -0.525988524, "Indicator100_30": -0.5166666529999999, "Indicator100_210": -0.46115299, "Indicator150_210": -0.509803946, "Indicator200_180": -0.553621725}, "maxdata": {"Indicator5_150": 0.38476948299999997, "Indicator5_210": 0.306818182, "Indicator5_30": 0.333333333, "Indicator5_0": 0.526315789, "Indicator50_210": 0.553178944, "Indicator10_150": 0.200692435, "Indicator50_30": 0.532438081, "Indicator150_180": 1.272480863, "Indicator100_180": 0.872385091, "Indicator20_180": 0.3597889, "Indicator10_0": 0.190972955, "Indicator10_30": 0.259889183, "Indicator50_0": 0.533509921, "Indicator20_30": 0.425219642, "Indicator50_150": 0.5779581739999999, "Indicator150_150": 1.3596098490000001, "Indicator20_0": 0.22837436600000002, "Indicator100_0": 0.682058188, "Indicator20_150": 0.232851959, "Indicator200_0": 1.2910901000000001, "Indicator150_0": 1.105012988, "Indicator200_150": 1.24639583, "Indicator200_30": 1.413682708, "Indicator10_180": 0.164032462, "Indicator150_30": 1.161892449, "Indicator20_210": 0.278869123, "Indicator50_180": 0.553178944, "Indicator10_210": 0.17832804300000002, "Indicator200_210": 1.301066366, "Indicator100_30": 0.7550105140000001, "Indicator100_210": 0.958729394, "Indicator150_210": 1.3596098490000001, "Indicator200_180": 1.29940469}, "blocksize": {"Indicator5_150": 10.0, "Indicator5_210": 10.0, "Indicator5_30": 10.0, "Indicator5_0": 10.0, "Indicator50_210": 10.0, "Indicator10_150": 10.0, "Indicator50_30": 10.0, "Indicator150_180": 10.0, "Indicator100_180": 10.0, "Indicator20_180": 10.0, "Indicator10_0": 10.0, "Indicator10_30": 10.0, "Indicator50_0": 10.0, "Indicator20_30": 10.0, "Indicator50_150": 10.0, "Indicator150_150": 10.0, "Indicator20_0": 10.0, "Indicator100_0": 10.0, "Indicator20_150": 10.0, "Indicator200_0": 10.0, "Indicator150_0": 10.0, "Indicator200_150": 10.0, "Indicator200_30": 10.0, "Indicator10_180": 10.0, "Indicator150_30": 10.0, "Indicator20_210": 10.0, "Indicator50_180": 10.0, "Indicator10_210": 10.0, "Indicator200_210": 10.0, "Indicator100_30": 10.0, "Indicator100_210": 10.0, "Indicator150_210": 10.0, "Indicator200_180": 10.0}, "stepsize": {"Indicator5_150": 0.0858699068, "Indicator5_210": 0.0695221445, "Indicator5_30": 0.0791826308, "Indicator5_0": 0.0843400635, "Indicator50_210": 0.103986049, "Indicator10_150": 0.0586736675, "Indicator50_30": 0.1102964526, "Indicator150_180": 0.2033636886, "Indicator100_180": 0.1580031119, "Indicator20_180": 0.0864954478, "Indicator10_0": 0.0420847893, "Indicator10_30": 0.065251084, "Indicator50_0": 0.1118028091, "Indicator20_30": 0.0937655303, "Indicator50_150": 0.1167415038, "Indicator150_150": 0.2096818048, "Indicator20_0": 0.057329507, "Indicator100_0": 0.1356969769, "Indicator20_150": 0.0723913433, "Indicator200_0": 0.2003789332, "Indicator150_0": 0.1812632684, "Indicator200_150": 0.2000019505, "Indicator200_30": 0.2185893814, "Indicator10_180": 0.0546003372, "Indicator150_30": 0.1889640825, "Indicator20_210": 0.0679514448, "Indicator50_180": 0.1109041841, "Indicator10_210": 0.0469416856, "Indicator200_210": 0.2030060988, "Indicator100_30": 0.1412974629, "Indicator100_210": 0.1577647093, "Indicator150_210": 0.2077126438, "Indicator200_180": 0.2058918238}, "histogram": {"Indicator5_150": {"x": [1, 2, 3, 4, 5, 6, 7, 8, 9, 10], "y": [1, 0, 4, 16, 108, 120, 15, 3, 3, 2]}, "Indicator5_210": {"x": [1, 2, 3, 4, 5, 6, 7, 8, 9, 10], "y": [2, 1, 5, 17, 82, 131, 26, 3, 2, 3]}, "Indicator5_30": {"x": [1, 2, 3, 4, 5, 6, 7, 8, 9, 10], "y": [1, 3, 5, 7, 62, 158, 23, 9, 2, 2]}, "Indicator5_0": {"x": [1, 2, 3, 4, 5, 6, 7, 8, 9, 10], "y": [3, 10, 95, 138, 12, 8, 2, 2, 1, 1]}, "Indicator50_210": {"x": [1, 2, 3, 4, 5, 6, 7, 8, 9, 10], "y": [11, 13, 20, 42, 76, 50, 30, 16, 10, 4]}, "Indicator10_150": {"x": [1, 2, 3, 4, 5, 6, 7, 8, 9, 10], "y": [1, 1, 1, 2, 16, 79, 90, 58, 18, 6]}, "Indicator50_30": {"x": [1, 2, 3, 4, 5, 6, 7, 8, 9, 10], "y": [5, 3, 14, 20, 54, 78, 57, 25, 11, 5]}, "Indicator150_180": {"x": [1, 2, 3, 4, 5, 6, 7, 8, 9, 10], "y": [11, 23, 25, 42, 81, 46, 20, 14, 8, 2]}, "Indicator100_180": {"x": [1, 2, 3, 4, 5, 6, 7, 8, 9, 10], "y": [11, 11, 19, 35, 65, 63, 36, 18, 7, 7]}, "Indicator20_180": {"x": [1, 2, 3, 4, 5, 6, 7, 8, 9, 10], "y": [2, 0, 4, 14, 44, 93, 68, 39, 7, 1]}, "Indicator10_0": {"x": [1, 2, 3, 4, 5, 6, 7, 8, 9, 10], "y": [3, 8, 15, 26, 55, 72, 50, 34, 6, 3]}, "Indicator10_30": {"x": [1, 2, 3, 4, 5, 6, 7, 8, 9, 10], "y": [1, 1, 2, 7, 43, 90, 93, 31, 3, 1]}, "Indicator50_0": {"x": [1, 2, 3, 4, 5, 6, 7, 8, 9, 10], "y": [3, 3, 9, 27, 61, 80, 52, 24, 7, 6]}, "Indicator20_30": {"x": [1, 2, 3, 4, 5, 6, 7, 8, 9, 10], "y": [2, 1, 5, 14, 86, 99, 49, 11, 3, 2]}, "Indicator50_150": {"x": [1, 2, 3, 4, 5, 6, 7, 8, 9, 10], "y": [7, 4, 10, 38, 77, 68, 37, 14, 14, 3]}, "Indicator150_150": {"x": [1, 2, 3, 4, 5, 6, 7, 8, 9, 10], "y": [19, 18, 34, 68, 69, 33, 14, 13, 3, 1]}, "Indicator20_0": {"x": [1, 2, 3, 4, 5, 6, 7, 8, 9, 10], "y": [2, 2, 7, 11, 35, 72, 58, 51, 21, 13]}, "Indicator100_0": {"x": [1, 2, 3, 4, 5, 6, 7, 8, 9, 10], "y": [8, 5, 13, 28, 31, 61, 61, 31, 23, 11]}, "Indicator20_150": {"x": [1, 2, 3, 4, 5, 6, 7, 8, 9, 10], "y": [1, 2, 3, 2, 17, 47, 84, 69, 29, 18]}, "Indicator200_0": {"x": [1, 2, 3, 4, 5, 6, 7, 8, 9, 10], "y": [9, 33, 26, 32, 74, 42, 20, 18, 6, 12]}, "Indicator150_0": {"x": [1, 2, 3, 4, 5, 6, 7, 8, 9, 10], "y": [12, 16, 31, 29, 66, 61, 34, 10, 7, 6]}, "Indicator200_150": {"x": [1, 2, 3, 4, 5, 6, 7, 8, 9, 10], "y": [12, 27, 16, 24, 77, 39, 35, 18, 13, 11]}, "Indicator200_30": {"x": [1, 2, 3, 4, 5, 6, 7, 8, 9, 10], "y": [7, 37, 35, 26, 73, 48, 26, 9, 8, 3]}, "Indicator10_180": {"x": [1, 2, 3, 4, 5, 6, 7, 8, 9, 10], "y": [1, 1, 0, 5, 13, 49, 79, 63, 45, 16]}, "Indicator150_30": {"x": [1, 2, 3, 4, 5, 6, 7, 8, 9, 10], "y": [9, 21, 33, 40, 70, 54, 25, 11, 6, 3]}, "Indicator20_210": {"x": [1, 2, 3, 4, 5, 6, 7, 8, 9, 10], "y": [2, 3, 6, 13, 50, 70, 60, 45, 19, 4]}, "Indicator50_180": {"x": [1, 2, 3, 4, 5, 6, 7, 8, 9, 10], "y": [7, 6, 14, 25, 68, 80, 39, 19, 9, 5]}, "Indicator10_210": {"x": [1, 2, 3, 4, 5, 6, 7, 8, 9, 10], "y": [3, 2, 7, 12, 40, 69, 62, 40, 30, 7]}, "Indicator200_210": {"x": [1, 2, 3, 4, 5, 6, 7, 8, 9, 10], "y": [10, 31, 22, 34, 62, 45, 34, 21, 7, 6]}, "Indicator100_30": {"x": [1, 2, 3, 4, 5, 6, 7, 8, 9, 10], "y": [10, 5, 19, 31, 49, 64, 47, 25, 16, 6]}, "Indicator100_210": {"x": [1, 2, 3, 4, 5, 6, 7, 8, 9, 10],