{"line" : {"x":{"0":1.958854897,"1":16.02620789},"y":{"0":1.958854897,"1":16.02620789}},"scatter_training" : {"x":{"0":4.826524631,"1":8.057806345,"2":5.845164512,"3":2.630865269,"4":4.533728444,"5":9.627754265,"6":7.190849236,"7":14.44675048,"8":4.876317055,"9":5.383787321,"10":9.981865664,"11":9.092182552,"12":6.705571212,"13":2.112550552,"14":5.400180909,"15":12.9505347,"16":6.849778065,"17":11.84146792,"18":14.26991624,"19":9.871264778,"20":7.460255414,"21":16.02620789,"22":5.016782373,"23":7.026732457,"24":11.51865317,"25":5.965523837,"26":10.81340517,"27":8.202141378,"28":13.50923937,"29":3.691914952,"30":2.41485938,"31":12.45482293,"32":2.309247278,"33":8.990869354,"34":3.387559414,"35":11.39943527,"36":7.046528083,"37":6.823505314,"38":5.686424346,"39":4.327589792,"40":2.53463471,"41":12.13011485,"42":1.958854897,"43":6.911947664,"44":6.062822932},"y":{"0":5.1851223035,"1":8.0216766582,"2":5.6431260798,"3":2.4234740036,"4":4.6731465626,"5":9.7058852073,"6":7.1224809072,"7":14.191059335,"8":4.8296794839,"9":5.6932332433,"10":9.9502420892,"11":9.0928489075,"12":6.5718876098,"13":2.4854833682,"14":5.3562446392,"15":13.0162572651,"16":6.8139587646,"17":11.772372709,"18":13.454249309,"19":9.6069281664,"20":7.5466180054,"21":16.4888797805,"22":5.2049044113,"23":6.7043358002,"24":11.9528954766,"25":5.6216629602,"26":10.8912021902,"27":8.3511733694,"28":13.8510036351,"29":3.4441168492,"30":2.4318240064,"31":12.4371468137,"32":2.6387972884,"33":9.0343547671,"34":3.3248080053,"35":11.9067593581,"36":6.7152151625,"37":6.2967803525,"38":5.9332228137,"39":4.3499323268,"40":2.4733891936,"41":12.0519803752,"42":2.1449035337,"43":7.1231879026,"44":5.7355886693}},"scatter_validation" : {"x":{"0":12.08508978,"1":12.6026658,"2":3.154678838,"3":5.976810255,"4":8.246210107},"y":{"0":12.5080461201,"1":10.8606253384,"2":2.6872270465,"3":5.5714784344,"4":7.9870664415}}, "training_export" : {"0":{"SynData":4.826524631,"SynData_predicted":5.1851223035,"Para1":7.0,"Para3":1.0,"Para2":10.0},"1":{"SynData":8.057806345,"SynData_predicted":8.0216766582,"Para1":7.0,"Para3":10.0,"Para2":1.0},"2":{"SynData":5.845164512,"SynData_predicted":5.6431260798,"Para1":6.0,"Para3":9.0,"Para2":3.0},"3":{"SynData":2.630865269,"SynData_predicted":2.4234740036,"Para1":6.0,"Para3":3.0,"Para2":4.0},"4":{"SynData":4.533728444,"SynData_predicted":4.6731465626,"Para1":5.0,"Para3":6.0,"Para2":3.0},"5":{"SynData":9.627754265,"SynData_predicted":9.7058852073,"Para1":2.0,"Para3":8.0,"Para2":8.0},"6":{"SynData":7.190849236,"SynData_predicted":7.1224809072,"Para1":8.0,"Para3":7.0,"Para2":5.0},"7":{"SynData":14.44675048,"SynData_predicted":14.191059335,"Para1":10.0,"Para3":8.0,"Para2":2.0},"8":{"SynData":4.876317055,"SynData_predicted":4.8296794839,"Para1":3.0,"Para3":2.0,"Para2":10.0},"9":{"SynData":5.383787321,"SynData_predicted":5.6932332433,"Para1":7.0,"Para3":6.0,"Para2":3.0},"10":{"SynData":9.981865664,"SynData_predicted":9.9502420892,"Para1":9.0,"Para3":7.0,"Para2":4.0},"11":{"SynData":9.092182552,"SynData_predicted":9.0928489075,"Para1":2.0,"Para3":7.0,"Para2":8.0},"12":{"SynData":6.705571212,"SynData_predicted":6.5718876098,"Para1":4.0,"Para3":9.0,"Para2":3.0},"13":{"SynData":2.112550552,"SynData_predicted":2.4854833682,"Para1":6.0,"Para3":1.0,"Para2":8.0},"14":{"SynData":5.400180909,"SynData_predicted":5.3562446392,"Para1":5.0,"Para3":8.0,"Para2":3.0},"15":{"SynData":12.9505347,"SynData_predicted":13.0162572651,"Para1":9.0,"Para3":10.0,"Para2":7.0},"16":{"SynData":6.849778065,"SynData_predicted":6.8139587646,"Para1":3.0,"Para3":7.0,"Para2":4.0},"17":{"SynData":11.84146792,"SynData_predicted":11.772372709,"Para1":10.0,"Para3":3.0,"Para2":3.0},"18":{"SynData":14.26991624,"SynData_predicted":13.454249309,"Para1":10.0,"Para3":4.0,"Para2":8.0},"19":{"SynData":9.871264778,"SynData_predicted":9.6069281664,"Para1":2.0,"Para3":6.0,"Para2":3.0},"20":{"SynData":7.460255414,"SynData_predicted":7.5466180054,"Para1":2.0,"Para3":4.0,"Para2":5.0},"21":{"SynData":16.02620789,"SynData_predicted":16.4888797805,"Para1":1.0,"Para3":10.0,"Para2":2.0},"22":{"SynData":5.016782373,"SynData_predicted":5.2049044113,"Para1":5.0,"Para3":9.0,"Para2":5.0},"23":{"SynData":7.026732457,"SynData_predicted":6.7043358002,"Para1":7.0,"Para3":6.0,"Para2":9.0},"24":{"SynData":11.51865317,"SynData_predicted":11.9528954766,"Para1":10.0,"Para3":2.0,"Para2":2.0},"25":{"SynData":5.965523837,"SynData_predicted":5.6216629602,"Para1":3.0,"Para3":3.0,"Para2":3.0},"26":{"SynData":10.81340517,"SynData_predicted":10.8912021902,"Para1":1.0,"Para3":2.0,"Para2":4.0},"27":{"SynData":8.202141378,"SynData_predicted":8.3511733694,"Para1":9.0,"Para3":3.0,"Para2":6.0},"28":{"SynData":13.50923937,"SynData_predicted":13.8510036351,"Para1":10.0,"Para3":1.0,"Para2":9.0},"29":{"SynData":3.691914952,"SynData_predicted":3.4441168492,"Para1":4.0,"Para3":5.0,"Para2":6.0},"30":{"SynData":2.41485938,"SynData_predicted":2.4318240064,"Para1":4.0,"Para3":2.0,"Para2":5.0},"31":{"SynData":12.45482293,"SynData_predicted":12.4371468137,"Para1":10.0,"Para3":4.0,"Para2":1.0},"32":{"SynData":2.309247278,"SynData_predicted":2.6387972884,"Para1":6.0,"Para3":1.0,"Para2":3.0},"33":{"SynData":8.990869354,"SynData_predicted":9.0343547671,"Para1":2.0,"Para3":6.0,"Para2":4.0},"34":{"SynData":3.387559414,"SynData_predicted":3.3248080053,"Para1":6.0,"Para3":1.0,"Para2":10.0},"35":{"SynData":11.39943527,"SynData_predicted":11.9067593581,"Para1":10.0,"Para3":2.0,"Para2":6.0},"36":{"SynData":7.046528083,"SynData_predicted":6.7152151625,"Para1":8.0,"Para3":5.0,"Para2":2.0},"37":{"SynData":6.823505314,"SynData_predicted":6.2967803525,"Para1":3.0,"Para3":2.0,"Para2":1.0},"38":{"SynData":5.686424346,"SynData_predicted":5.9332228137,"Para1":8.0,"Para3":2.0,"Para2":1.0},"39":{"SynData":4.327589792,"SynData_predicted":4.3499323268,"Para1":3.0,"Para3":3.0,"Para2":7.0},"40":{"SynData":2.53463471,"SynData_predicted":2.4733891936,"Para1":5.0,"Para3":4.0,"Para2":6.0},"41":{"SynData":12.13011485,"SynData_predicted":12.0519803752,"Para1":10.0,"Para3":4.0,"Para2":5.0},"42":{"SynData":1.958854897,"SynData_predicted":2.1449035337,"Para1":4.0,"Para3":1.0,"Para2":5.0},"43":{"SynData":6.911947664,"SynData_predicted":7.1231879026,"Para1":2.0,"Para3":1.0,"Para2":4.0},"44":{"SynData":6.062822932,"SynData_predicted":5.7355886693,"Para1":6.0,"Para3":6.0,"Para2":10.0}}, "validation_export" : {"0":{"SynData":12.08508978,"SynData_predicted":12.5080461201,"Para1":10.0,"Para3":2.0,"Para2":7.0},"1":{"SynData":12.6026658,"SynData_predicted":10.8606253384,"Para1":9.0,"Para3":5.0,"Para2":10.0},"2":{"SynData":3.154678838,"SynData_predicted":2.6872270465,"Para1":4.0,"Para3":1.0,"Para2":10.0},"3":{"SynData":5.976810255,"SynData_predicted":5.5714784344,"Para1":5.0,"Para3":7.0,"Para2":10.0},"4":{"SynData":8.246210107,"SynData_predicted":7.9870664415,"Para1":2.0,"Para3":2.0,"Para2":3.0}}}