SynData,SynData_predicted,Codes,Para1,Para3,Para2
12.08508978,12.50804612008619,0.9165000000000001,12.7788167001901,-0.6541185111358283,0.3833479310319188
12.6026658,10.860625338411571,0.8495000000000001,10.058650955026602,-0.3909926440244209,1.1929670274093898
3.154678838,2.687227046457304,0.30950000000000005,4.337713151133173,-1.9246894952416786,0.27420339056580967
5.976810255,5.571478434358835,0.46950000000000003,4.073038715001131,0.9723225280640344,0.52611719129367
8.246210107000001,7.987066441510758,0.1125,9.089789883670129,-1.5667882139145322,0.4640647717551616
